번호,뉴스 제목
1,이 광고가 표시된 이유
2,미래에셋증권
3,digital.securities.miraeasset.com/
4,미래에셋증권 계좌개설 90일 온라인수수료 무료! 투자 지원금 최대 20만원
5,미래에셋증권 처음이세요? 최대 20만원 투자지원금 놓치지 마세요!
6,간편계좌개설
7,kbsec.com
8,KB증권 오늘의 콕! 바쁜 당신을 위한 투자정보
9,"국내/해외주식부터 자산관리,투자상식,부동산까지! 투자 정보의 모든것 넘쳐나는 재테크 정보 속, 중요한 핵심만 골라 쉽고 빠르게 콕!"
10,onestopsamsungpop.co.kr
11,국내주식 매수하고 상금 받자 신규고객 이벤트
12,최대 5만원 획득 기회! 국내주식 매수하고 이벤트 참여하세요(조건충족시)-9/30
13,국내주식부터
14,해외주식까지
15,네이버 아이디로 로그인이 가능합니다. 서비스 자세히 보기
16,딜사이트경제TV
17,dealsites.co.kr
18,눈 딱 감고 따라만 하세요! 딜사이트TV 계좌 색이 바뀝니다!
19,"숫자로 보여드립니다! 증권가원픽 리딩전문가 그 디테일을 경험하세요, 반도체관련주"
20,JL투자그룹
21,jlinvestad.com/ad
22,반도체관련주 급등주 분석기 경제방송 출신 급등주 전문가
23,반도체관련주 정밀분석자료! 업종/테마별 급등할 예상종목은? 지금 바로 확인하세요!
24,분석자료받기
25,stock29.com
26,확률 높은 종목추천
27,"1개월 30,000원, 이용후기를 보고 결정하세요."
28,direct-sks.co.kr/
29,불장에 동참하자! SK와함께
30,계좌만 개설해도 2만원! 주식까지 옮기면 최대 138만원 증정 (신규대상)
31,TR투자그룹
32,trstock.co.kr/
33,"반도체관련주 무료분석! 분석자료,종목전망  급등주정보 무료받기!"
34,"반도체관련주 실시간 분석정보,주가전망,급등주정보,목표주가,최근이슈 등 무료정보제공"
35,taling.me
36,미국주식으로 월급 2번 받기
37,8년전 엔비디아를 발굴했던 미주 전문가가 밝히는 떡상주 발굴법 하루 30분 투자로 누워서 평생 연금 만드는 법 대공개
38,blog.naver.com/fxvip1
39,교보증권 해외선물 $2.5 해외선물 $2.5 마이크로 $0.79
40,"해외선물옵션 1계약이상 거래시 $2.5, 마이크로 $0.79, 12/31까지 신청"
